<?xml version="1.0"?>
<!--<!DOCTYPE metadata SYSTEM "http://www.esri.com/metadata/esriprof80.dtd">-->
<metadata xml:lang="en"><Esri><CreaDate>20110910</CreaDate><CreaTime>21590800</CreaTime><SyncOnce>TRUE</SyncOnce><DataProperties><lineage><Process Name="Add Spatial Index" ToolSource="C:\ArcGIS\ArcToolbox\Toolboxes\Data Management Tools.tbx\AddSpatialIndex" Date="20110909" Time="090038">AddSpatialIndex "Database Connections\Connection to ibm990p10.sde\LAND.Flood_2011\LAND.High_Water_Polygon_Sept2011" 29000 0 0 "Database Connections\Connection to ibm990p10.sde\LAND.Flood_2011\LAND.High_Water_Polygon_Sept2011"</Process><Process Name="Add Spatial Index" ToolSource="C:\ArcGIS\ArcToolbox\Toolboxes\Data Management Tools.tbx\AddSpatialIndex" Date="20110909" Time="102923">AddSpatialIndex "Database Connections\Connection to ibm990p10.sde\LAND.Flood_2011\LAND.High_Water_Polygon_Sept2011" 29000 0 0 "Database Connections\Connection to ibm990p10.sde\LAND.Flood_2011\LAND.High_Water_Polygon_Sept2011"</Process><Process Name="Add Spatial Index" ToolSource="C:\ArcGIS\ArcToolbox\Toolboxes\Data Management Tools.tbx\AddSpatialIndex" Date="20110909" Time="141758">AddSpatialIndex "Database Connections\Connection to ibm990p10.sde\LAND.Flood_2011\LAND.High_Water_Polygon_Sept2011" 61000 0 0 "Database Connections\Connection to ibm990p10.sde\LAND.Flood_2011\LAND.High_Water_Polygon_Sept2011"</Process></lineage></DataProperties><MetaID>{0D953305-DDEC-4203-B55C-384332CB837E}</MetaID></Esri><idinfo><citation><citeinfo><onlink Sync="TRUE"></onlink></citeinfo></citation></idinfo><distInfo><distributor><distorTran><onLineSrc><linkage Sync="TRUE">file://</linkage><protocol Sync="TRUE">Local Area Network</protocol></onLineSrc></distorTran></distributor></distInfo><dataqual><lineage><procstep><procdesc Sync="TRUE">Dataset copied.</procdesc><srcused Sync="TRUE">Server=ibm990p10; Service=5151; User=kennedyg; Version=SDE.DEFAULT</srcused><procdate Sync="TRUE">20110910</procdate><proctime Sync="TRUE">21590800</proctime></procstep></lineage></dataqual></metadata>
